mmsi,iwrap_type_from_dataset,length_from_data_set,width,trips,signals,Speed_mean,Speed_median,Speed_min,Speed_max,Speed_std,ROT_mean,ROT_median,ROT_min,ROT_max,ROT_std
245176000,General cargo ship,90,12,4.0,62211.0,8.458967571144937,9.8,0.1,10.5,2.6815997979622384,6.841478696741856,0.8916666666666941,2.842170943040401e-14,168.75,21.812256974155027
538005553,Oil products tanker,144,22,0.0,8257.0,12.055020080321285,12.1,11.6,12.2,0.10310159606564688,0.10570028011204403,0.07333333333333769,0.013333333333335418,0.45000000000000284,0.14956309695650483
236039000,General cargo ship,82,12,21.0,121388.0,9.289624621123805,9.5,8.0,10.1,0.511000330335132,0.8949195753067587,0.5333333333333456,2.842170943040401e-14,17.535714285714285,1.8520939713160158
311045200,General cargo ship,87,13,18.0,70790.0,9.73195020746888,9.8,9.5,9.9,0.11409030419090624,0.4292195767195774,0.17583333333331552,5.684341886080802e-14,3.871428571428595,0.8571026510684469
219005302,Fishing ship,12,4,892.0,1444619.0,0.45357142857142857,0.6,0.1,0.8,0.29874074336459655,173.67125000000001,173.67125000000001,82.24000000000001,265.1025,245.6082371442884
